id,name,code,unicode,flag,phone_code,created_by,updated_by,deleted,created_at,updated_at
1,Ascension Island,AC,U+1F1E6 U+1F1E8,https://cdn.jsdelivr.net/npm/country-flag-emoji-json@2.0.0/dist/images/AC.svg,,1,1,0,08-11-2022,08-11-2022
2,Andorra,AD,U+1F1E6 U+1F1E9,https://cdn.jsdelivr.net/npm/country-flag-emoji-json@2.0.0/dist/images/AD.svg,,1,1,0,08-11-2022,08-11-2022
3,United Arab Emirates,AE,U+1F1E6 U+1F1EA,https://cdn.jsdelivr.net/npm/country-flag-emoji-json@2.0.0/dist/images/AE.svg,,1,1,0,08-11-2022,08-11-2022
4,Afghanistan,AF,U+1F1E6 U+1F1EB,https://cdn.jsdelivr.net/npm/country-flag-emoji-json@2.0.0/dist/images/AF.svg,,1,1,0,08-11-2022,08-11-2022
5,Antigua & Barbuda,AG,U+1F1E6 U+1F1EC,https://cdn.jsdelivr.net/npm/country-flag-emoji-json@2.0.0/dist/images/AG.svg,,1,1,0,08-11-2022,08-11-2022
6,Anguilla,AI,U+1F1E6 U+1F1EE,https://cdn.jsdelivr.net/npm/country-flag-emoji-json@2.0.0/dist/images/AI.svg,,1,1,0,08-11-2022,08-11-2022
7,Albania,AL,U+1F1E6 U+1F1F1,https://cdn.jsdelivr.net/npm/country-flag-emoji-json@2.0.0/dist/images/AL.svg,,1,1,0,08-11-2022,08-11-2022
8,Armenia,AM,U+1F1E6 U+1F1F2,https://cdn.jsdelivr.net/npm/country-flag-emoji-json@2.0.0/dist/images/AM.svg,,1,1,0,08-11-2022,08-11-2022
9,Angola,AO,U+1F1E6 U+1F1F4,https://cdn.jsdelivr.net/npm/country-flag-emoji-json@2.0.0/dist/images/AO.svg,,1,1,0,08-11-2022,08-11-2022
10,Antarctica,AQ,U+1F1E6 U+1F1F6,https://cdn.jsdelivr.net/npm/country-flag-emoji-json@2.0.0/dist/images/AQ.svg,,1,1,0,08-11-2022,08-11-2022
11,Argentina,AR,U+1F1E6 U+1F1F7,https://cdn.jsdelivr.net/npm/country-flag-emoji-json@2.0.0/dist/images/AR.svg,,1,1,0,08-11-2022,08-11-2022
12,American Samoa,AS,U+1F1E6 U+1F1F8,https://cdn.jsdelivr.net/npm/country-flag-emoji-json@2.0.0/dist/images/AS.svg,,1,1,0,08-11-2022,08-11-2022
13,Austria,AT,U+1F1E6 U+1F1F9,https://cdn.jsdelivr.net/npm/country-flag-emoji-json@2.0.0/dist/images/AT.svg,,1,1,0,08-11-2022,08-11-2022
14,Australia,AU,U+1F1E6 U+1F1FA,https://cdn.jsdelivr.net/npm/country-flag-emoji-json@2.0.0/dist/images/AU.svg,,1,1,0,08-11-2022,08-11-2022
15,Aruba,AW,U+1F1E6 U+1F1FC,https://cdn.jsdelivr.net/npm/country-flag-emoji-json@2.0.0/dist/images/AW.svg,,1,1,0,08-11-2022,08-11-2022
16,Åland Islands,AX,U+1F1E6 U+1F1FD,https://cdn.jsdelivr.net/npm/country-flag-emoji-json@2.0.0/dist/images/AX.svg,,1,1,0,08-11-2022,08-11-2022
17,Azerbaijan,AZ,U+1F1E6 U+1F1FF,https://cdn.jsdelivr.net/npm/country-flag-emoji-json@2.0.0/dist/images/AZ.svg,,1,1,0,08-11-2022,08-11-2022
18,Bosnia & Herzegovina,BA,U+1F1E7 U+1F1E6,https://cdn.jsdelivr.net/npm/country-flag-emoji-json@2.0.0/dist/images/BA.svg,,1,1,0,08-11-2022,08-11-2022
19,Barbados,BB,U+1F1E7 U+1F1E7,https://cdn.jsdelivr.net/npm/country-flag-emoji-json@2.0.0/dist/images/BB.svg,,1,1,0,08-11-2022,08-11-2022
20,Bangladesh,BD,U+1F1E7 U+1F1E9,https://cdn.jsdelivr.net/npm/country-flag-emoji-json@2.0.0/dist/images/BD.svg,,1,1,0,08-11-2022,08-11-2022
21,Belgium,BE,U+1F1E7 U+1F1EA,https://cdn.jsdelivr.net/npm/country-flag-emoji-json@2.0.0/dist/images/BE.svg,,1,1,0,08-11-2022,08-11-2022
22,Burkina Faso,BF,U+1F1E7 U+1F1EB,https://cdn.jsdelivr.net/npm/country-flag-emoji-json@2.0.0/dist/images/BF.svg,,1,1,0,08-11-2022,08-11-2022
23,Bulgaria,BG,U+1F1E7 U+1F1EC,https://cdn.jsdelivr.net/npm/country-flag-emoji-json@2.0.0/dist/images/BG.svg,,1,1,0,08-11-2022,08-11-2022
24,Bahrain,BH,U+1F1E7 U+1F1ED,https://cdn.jsdelivr.net/npm/country-flag-emoji-json@2.0.0/dist/images/BH.svg,,1,1,0,08-11-2022,08-11-2022
25,Burundi,BI,U+1F1E7 U+1F1EE,https://cdn.jsdelivr.net/npm/country-flag-emoji-json@2.0.0/dist/images/BI.svg,,1,1,0,08-11-2022,08-11-2022
26,Benin,BJ,U+1F1E7 U+1F1EF,https://cdn.jsdelivr.net/npm/country-flag-emoji-json@2.0.0/dist/images/BJ.svg,,1,1,0,08-11-2022,08-11-2022
27,St. Barthélemy,BL,U+1F1E7 U+1F1F1,https://cdn.jsdelivr.net/npm/country-flag-emoji-json@2.0.0/dist/images/BL.svg,,1,1,0,08-11-2022,08-11-2022
28,Bermuda,BM,U+1F1E7 U+1F1F2,https://cdn.jsdelivr.net/npm/country-flag-emoji-json@2.0.0/dist/images/BM.svg,,1,1,0,08-11-2022,08-11-2022
29,Brunei,BN,U+1F1E7 U+1F1F3,https://cdn.jsdelivr.net/npm/country-flag-emoji-json@2.0.0/dist/images/BN.svg,,1,1,0,08-11-2022,08-11-2022
30,Bolivia,BO,U+1F1E7 U+1F1F4,https://cdn.jsdelivr.net/npm/country-flag-emoji-json@2.0.0/dist/images/BO.svg,,1,1,0,08-11-2022,08-11-2022
31,Caribbean Netherlands,BQ,U+1F1E7 U+1F1F6,https://cdn.jsdelivr.net/npm/country-flag-emoji-json@2.0.0/dist/images/BQ.svg,,1,1,0,08-11-2022,08-11-2022
32,Brazil,BR,U+1F1E7 U+1F1F7,https://cdn.jsdelivr.net/npm/country-flag-emoji-json@2.0.0/dist/images/BR.svg,,1,1,0,08-11-2022,08-11-2022
33,Bahamas,BS,U+1F1E7 U+1F1F8,https://cdn.jsdelivr.net/npm/country-flag-emoji-json@2.0.0/dist/images/BS.svg,,1,1,0,08-11-2022,08-11-2022
34,Bhutan,BT,U+1F1E7 U+1F1F9,https://cdn.jsdelivr.net/npm/country-flag-emoji-json@2.0.0/dist/images/BT.svg,,1,1,0,08-11-2022,08-11-2022
35,Bouvet Island,BV,U+1F1E7 U+1F1FB,https://cdn.jsdelivr.net/npm/country-flag-emoji-json@2.0.0/dist/images/BV.svg,,1,1,0,08-11-2022,08-11-2022
36,Botswana,BW,U+1F1E7 U+1F1FC,https://cdn.jsdelivr.net/npm/country-flag-emoji-json@2.0.0/dist/images/BW.svg,,1,1,0,08-11-2022,08-11-2022
37,Belarus,BY,U+1F1E7 U+1F1FE,https://cdn.jsdelivr.net/npm/country-flag-emoji-json@2.0.0/dist/images/BY.svg,,1,1,0,08-11-2022,08-11-2022
38,Belize,BZ,U+1F1E7 U+1F1FF,https://cdn.jsdelivr.net/npm/country-flag-emoji-json@2.0.0/dist/images/BZ.svg,,1,1,0,08-11-2022,08-11-2022
39,Canada,CA,U+1F1E8 U+1F1E6,https://cdn.jsdelivr.net/npm/country-flag-emoji-json@2.0.0/dist/images/CA.svg,,1,1,0,08-11-2022,08-11-2022
40,Cocos (Keeling) Islands,CC,U+1F1E8 U+1F1E8,https://cdn.jsdelivr.net/npm/country-flag-emoji-json@2.0.0/dist/images/CC.svg,,1,1,0,08-11-2022,08-11-2022
41,Congo - Kinshasa,CD,U+1F1E8 U+1F1E9,https://cdn.jsdelivr.net/npm/country-flag-emoji-json@2.0.0/dist/images/CD.svg,,1,1,0,08-11-2022,08-11-2022
42,Central African Republic,CF,U+1F1E8 U+1F1EB,https://cdn.jsdelivr.net/npm/country-flag-emoji-json@2.0.0/dist/images/CF.svg,,1,1,0,08-11-2022,08-11-2022
43,Congo - Brazzaville,CG,U+1F1E8 U+1F1EC,https://cdn.jsdelivr.net/npm/country-flag-emoji-json@2.0.0/dist/images/CG.svg,,1,1,0,08-11-2022,08-11-2022
44,Switzerland,CH,U+1F1E8 U+1F1ED,https://cdn.jsdelivr.net/npm/country-flag-emoji-json@2.0.0/dist/images/CH.svg,,1,1,0,08-11-2022,08-11-2022
45,Côte d’Ivoire,CI,U+1F1E8 U+1F1EE,https://cdn.jsdelivr.net/npm/country-flag-emoji-json@2.0.0/dist/images/CI.svg,,1,1,0,08-11-2022,08-11-2022
46,Cook Islands,CK,U+1F1E8 U+1F1F0,https://cdn.jsdelivr.net/npm/country-flag-emoji-json@2.0.0/dist/images/CK.svg,,1,1,0,08-11-2022,08-11-2022
47,Chile,CL,U+1F1E8 U+1F1F1,https://cdn.jsdelivr.net/npm/country-flag-emoji-json@2.0.0/dist/images/CL.svg,,1,1,0,08-11-2022,08-11-2022
48,Cameroon,CM,U+1F1E8 U+1F1F2,https://cdn.jsdelivr.net/npm/country-flag-emoji-json@2.0.0/dist/images/CM.svg,,1,1,0,08-11-2022,08-11-2022
49,China,CN,U+1F1E8 U+1F1F3,https://cdn.jsdelivr.net/npm/country-flag-emoji-json@2.0.0/dist/images/CN.svg,,1,1,0,08-11-2022,08-11-2022
50,Colombia,CO,U+1F1E8 U+1F1F4,https://cdn.jsdelivr.net/npm/country-flag-emoji-json@2.0.0/dist/images/CO.svg,,1,1,0,08-11-2022,08-11-2022
51,Clipperton Island,CP,U+1F1E8 U+1F1F5,https://cdn.jsdelivr.net/npm/country-flag-emoji-json@2.0.0/dist/images/CP.svg,,1,1,0,08-11-2022,08-11-2022
52,Costa Rica,CR,U+1F1E8 U+1F1F7,https://cdn.jsdelivr.net/npm/country-flag-emoji-json@2.0.0/dist/images/CR.svg,,1,1,0,08-11-2022,08-11-2022
53,Cuba,CU,U+1F1E8 U+1F1FA,https://cdn.jsdelivr.net/npm/country-flag-emoji-json@2.0.0/dist/images/CU.svg,,1,1,0,08-11-2022,08-11-2022
54,Cape Verde,CV,U+1F1E8 U+1F1FB,https://cdn.jsdelivr.net/npm/country-flag-emoji-json@2.0.0/dist/images/CV.svg,,1,1,0,08-11-2022,08-11-2022
55,Curaçao,CW,U+1F1E8 U+1F1FC,https://cdn.jsdelivr.net/npm/country-flag-emoji-json@2.0.0/dist/images/CW.svg,,1,1,0,08-11-2022,08-11-2022
56,Christmas Island,CX,U+1F1E8 U+1F1FD,https://cdn.jsdelivr.net/npm/country-flag-emoji-json@2.0.0/dist/images/CX.svg,,1,1,0,08-11-2022,08-11-2022
57,Cyprus,CY,U+1F1E8 U+1F1FE,https://cdn.jsdelivr.net/npm/country-flag-emoji-json@2.0.0/dist/images/CY.svg,,1,1,0,08-11-2022,08-11-2022
58,Czechia,CZ,U+1F1E8 U+1F1FF,https://cdn.jsdelivr.net/npm/country-flag-emoji-json@2.0.0/dist/images/CZ.svg,,1,1,0,08-11-2022,08-11-2022
59,Germany,DE,U+1F1E9 U+1F1EA,https://cdn.jsdelivr.net/npm/country-flag-emoji-json@2.0.0/dist/images/DE.svg,,1,1,0,08-11-2022,08-11-2022
60,Diego Garcia,DG,U+1F1E9 U+1F1EC,https://cdn.jsdelivr.net/npm/country-flag-emoji-json@2.0.0/dist/images/DG.svg,,1,1,0,08-11-2022,08-11-2022
61,Djibouti,DJ,U+1F1E9 U+1F1EF,https://cdn.jsdelivr.net/npm/country-flag-emoji-json@2.0.0/dist/images/DJ.svg,,1,1,0,08-11-2022,08-11-2022
62,Denmark,DK,U+1F1E9 U+1F1F0,https://cdn.jsdelivr.net/npm/country-flag-emoji-json@2.0.0/dist/images/DK.svg,,1,1,0,08-11-2022,08-11-2022
63,Dominica,DM,U+1F1E9 U+1F1F2,https://cdn.jsdelivr.net/npm/country-flag-emoji-json@2.0.0/dist/images/DM.svg,,1,1,0,08-11-2022,08-11-2022
64,Dominican Republic,DO,U+1F1E9 U+1F1F4,https://cdn.jsdelivr.net/npm/country-flag-emoji-json@2.0.0/dist/images/DO.svg,,1,1,0,08-11-2022,08-11-2022
65,Algeria,DZ,U+1F1E9 U+1F1FF,https://cdn.jsdelivr.net/npm/country-flag-emoji-json@2.0.0/dist/images/DZ.svg,,1,1,0,08-11-2022,08-11-2022
66,Ceuta & Melilla,EA,U+1F1EA U+1F1E6,https://cdn.jsdelivr.net/npm/country-flag-emoji-json@2.0.0/dist/images/EA.svg,,1,1,0,08-11-2022,08-11-2022
67,Ecuador,EC,U+1F1EA U+1F1E8,https://cdn.jsdelivr.net/npm/country-flag-emoji-json@2.0.0/dist/images/EC.svg,,1,1,0,08-11-2022,08-11-2022
68,Estonia,EE,U+1F1EA U+1F1EA,https://cdn.jsdelivr.net/npm/country-flag-emoji-json@2.0.0/dist/images/EE.svg,,1,1,0,08-11-2022,08-11-2022
69,Egypt,EG,U+1F1EA U+1F1EC,https://cdn.jsdelivr.net/npm/country-flag-emoji-json@2.0.0/dist/images/EG.svg,,1,1,0,08-11-2022,08-11-2022
70,Western Sahara,EH,U+1F1EA U+1F1ED,https://cdn.jsdelivr.net/npm/country-flag-emoji-json@2.0.0/dist/images/EH.svg,,1,1,0,08-11-2022,08-11-2022
71,Eritrea,ER,U+1F1EA U+1F1F7,https://cdn.jsdelivr.net/npm/country-flag-emoji-json@2.0.0/dist/images/ER.svg,,1,1,0,08-11-2022,08-11-2022
72,Spain,ES,U+1F1EA U+1F1F8,https://cdn.jsdelivr.net/npm/country-flag-emoji-json@2.0.0/dist/images/ES.svg,,1,1,0,08-11-2022,08-11-2022
73,Ethiopia,ET,U+1F1EA U+1F1F9,https://cdn.jsdelivr.net/npm/country-flag-emoji-json@2.0.0/dist/images/ET.svg,,1,1,0,08-11-2022,08-11-2022
74,European Union,EU,U+1F1EA U+1F1FA,https://cdn.jsdelivr.net/npm/country-flag-emoji-json@2.0.0/dist/images/EU.svg,,1,1,0,08-11-2022,08-11-2022
75,Finland,FI,U+1F1EB U+1F1EE,https://cdn.jsdelivr.net/npm/country-flag-emoji-json@2.0.0/dist/images/FI.svg,,1,1,0,08-11-2022,08-11-2022
76,Fiji,FJ,U+1F1EB U+1F1EF,https://cdn.jsdelivr.net/npm/country-flag-emoji-json@2.0.0/dist/images/FJ.svg,,1,1,0,08-11-2022,08-11-2022
77,Falkland Islands,FK,U+1F1EB U+1F1F0,https://cdn.jsdelivr.net/npm/country-flag-emoji-json@2.0.0/dist/images/FK.svg,,1,1,0,08-11-2022,08-11-2022
78,Micronesia,FM,U+1F1EB U+1F1F2,https://cdn.jsdelivr.net/npm/country-flag-emoji-json@2.0.0/dist/images/FM.svg,,1,1,0,08-11-2022,08-11-2022
79,Faroe Islands,FO,U+1F1EB U+1F1F4,https://cdn.jsdelivr.net/npm/country-flag-emoji-json@2.0.0/dist/images/FO.svg,,1,1,0,08-11-2022,08-11-2022
80,France,FR,U+1F1EB U+1F1F7,https://cdn.jsdelivr.net/npm/country-flag-emoji-json@2.0.0/dist/images/FR.svg,,1,1,0,08-11-2022,08-11-2022
81,Gabon,GA,U+1F1EC U+1F1E6,https://cdn.jsdelivr.net/npm/country-flag-emoji-json@2.0.0/dist/images/GA.svg,,1,1,0,08-11-2022,08-11-2022
82,United Kingdom,GB,U+1F1EC U+1F1E7,https://cdn.jsdelivr.net/npm/country-flag-emoji-json@2.0.0/dist/images/GB.svg,,1,1,0,08-11-2022,08-11-2022
83,Grenada,GD,U+1F1EC U+1F1E9,https://cdn.jsdelivr.net/npm/country-flag-emoji-json@2.0.0/dist/images/GD.svg,,1,1,0,08-11-2022,08-11-2022
84,Georgia,GE,U+1F1EC U+1F1EA,https://cdn.jsdelivr.net/npm/country-flag-emoji-json@2.0.0/dist/images/GE.svg,,1,1,0,08-11-2022,08-11-2022
85,French Guiana,GF,U+1F1EC U+1F1EB,https://cdn.jsdelivr.net/npm/country-flag-emoji-json@2.0.0/dist/images/GF.svg,,1,1,0,08-11-2022,08-11-2022
86,Guernsey,GG,U+1F1EC U+1F1EC,https://cdn.jsdelivr.net/npm/country-flag-emoji-json@2.0.0/dist/images/GG.svg,,1,1,0,08-11-2022,08-11-2022
87,Ghana,GH,U+1F1EC U+1F1ED,https://cdn.jsdelivr.net/npm/country-flag-emoji-json@2.0.0/dist/images/GH.svg,,1,1,0,08-11-2022,08-11-2022
88,Gibraltar,GI,U+1F1EC U+1F1EE,https://cdn.jsdelivr.net/npm/country-flag-emoji-json@2.0.0/dist/images/GI.svg,,1,1,0,08-11-2022,08-11-2022
89,Greenland,GL,U+1F1EC U+1F1F1,https://cdn.jsdelivr.net/npm/country-flag-emoji-json@2.0.0/dist/images/GL.svg,,1,1,0,08-11-2022,08-11-2022
90,Gambia,GM,U+1F1EC U+1F1F2,https://cdn.jsdelivr.net/npm/country-flag-emoji-json@2.0.0/dist/images/GM.svg,,1,1,0,08-11-2022,08-11-2022
91,Guinea,GN,U+1F1EC U+1F1F3,https://cdn.jsdelivr.net/npm/country-flag-emoji-json@2.0.0/dist/images/GN.svg,,1,1,0,08-11-2022,08-11-2022
92,Guadeloupe,GP,U+1F1EC U+1F1F5,https://cdn.jsdelivr.net/npm/country-flag-emoji-json@2.0.0/dist/images/GP.svg,,1,1,0,08-11-2022,08-11-2022
93,Equatorial Guinea,GQ,U+1F1EC U+1F1F6,https://cdn.jsdelivr.net/npm/country-flag-emoji-json@2.0.0/dist/images/GQ.svg,,1,1,0,08-11-2022,08-11-2022
94,Greece,GR,U+1F1EC U+1F1F7,https://cdn.jsdelivr.net/npm/country-flag-emoji-json@2.0.0/dist/images/GR.svg,,1,1,0,08-11-2022,08-11-2022
95,South Georgia & South Sandwich Islands,GS,U+1F1EC U+1F1F8,https://cdn.jsdelivr.net/npm/country-flag-emoji-json@2.0.0/dist/images/GS.svg,,1,1,0,08-11-2022,08-11-2022
96,Guatemala,GT,U+1F1EC U+1F1F9,https://cdn.jsdelivr.net/npm/country-flag-emoji-json@2.0.0/dist/images/GT.svg,,1,1,0,08-11-2022,08-11-2022
97,Guam,GU,U+1F1EC U+1F1FA,https://cdn.jsdelivr.net/npm/country-flag-emoji-json@2.0.0/dist/images/GU.svg,,1,1,0,08-11-2022,08-11-2022
98,Guinea-Bissau,GW,U+1F1EC U+1F1FC,https://cdn.jsdelivr.net/npm/country-flag-emoji-json@2.0.0/dist/images/GW.svg,,1,1,0,08-11-2022,08-11-2022
99,Guyana,GY,U+1F1EC U+1F1FE,https://cdn.jsdelivr.net/npm/country-flag-emoji-json@2.0.0/dist/images/GY.svg,,1,1,0,08-11-2022,08-11-2022
100,Hong Kong SAR China,HK,U+1F1ED U+1F1F0,https://cdn.jsdelivr.net/npm/country-flag-emoji-json@2.0.0/dist/images/HK.svg,,1,1,0,08-11-2022,08-11-2022
101,Heard & McDonald Islands,HM,U+1F1ED U+1F1F2,https://cdn.jsdelivr.net/npm/country-flag-emoji-json@2.0.0/dist/images/HM.svg,,1,1,0,08-11-2022,08-11-2022
102,Honduras,HN,U+1F1ED U+1F1F3,https://cdn.jsdelivr.net/npm/country-flag-emoji-json@2.0.0/dist/images/HN.svg,,1,1,0,08-11-2022,08-11-2022
103,Croatia,HR,U+1F1ED U+1F1F7,https://cdn.jsdelivr.net/npm/country-flag-emoji-json@2.0.0/dist/images/HR.svg,,1,1,0,08-11-2022,08-11-2022
104,Haiti,HT,U+1F1ED U+1F1F9,https://cdn.jsdelivr.net/npm/country-flag-emoji-json@2.0.0/dist/images/HT.svg,,1,1,0,08-11-2022,08-11-2022
105,Hungary,HU,U+1F1ED U+1F1FA,https://cdn.jsdelivr.net/npm/country-flag-emoji-json@2.0.0/dist/images/HU.svg,,1,1,0,08-11-2022,08-11-2022
106,Canary Islands,IC,U+1F1EE U+1F1E8,https://cdn.jsdelivr.net/npm/country-flag-emoji-json@2.0.0/dist/images/IC.svg,,1,1,0,08-11-2022,08-11-2022
107,Indonesia,ID,U+1F1EE U+1F1E9,https://cdn.jsdelivr.net/npm/country-flag-emoji-json@2.0.0/dist/images/ID.svg,,1,1,0,08-11-2022,08-11-2022
108,Ireland,IE,U+1F1EE U+1F1EA,https://cdn.jsdelivr.net/npm/country-flag-emoji-json@2.0.0/dist/images/IE.svg,,1,1,0,08-11-2022,08-11-2022
109,Israel,IL,U+1F1EE U+1F1F1,https://cdn.jsdelivr.net/npm/country-flag-emoji-json@2.0.0/dist/images/IL.svg,,1,1,0,08-11-2022,08-11-2022
110,Isle of Man,IM,U+1F1EE U+1F1F2,https://cdn.jsdelivr.net/npm/country-flag-emoji-json@2.0.0/dist/images/IM.svg,,1,1,0,08-11-2022,08-11-2022
111,India,IN,U+1F1EE U+1F1F3,https://cdn.jsdelivr.net/npm/country-flag-emoji-json@2.0.0/dist/images/IN.svg,,1,1,0,08-11-2022,08-11-2022
112,British Indian Ocean Territory,IO,U+1F1EE U+1F1F4,https://cdn.jsdelivr.net/npm/country-flag-emoji-json@2.0.0/dist/images/IO.svg,,1,1,0,08-11-2022,08-11-2022
113,Iraq,IQ,U+1F1EE U+1F1F6,https://cdn.jsdelivr.net/npm/country-flag-emoji-json@2.0.0/dist/images/IQ.svg,,1,1,0,08-11-2022,08-11-2022
114,Iran,IR,U+1F1EE U+1F1F7,https://cdn.jsdelivr.net/npm/country-flag-emoji-json@2.0.0/dist/images/IR.svg,,1,1,0,08-11-2022,08-11-2022
115,Iceland,IS,U+1F1EE U+1F1F8,https://cdn.jsdelivr.net/npm/country-flag-emoji-json@2.0.0/dist/images/IS.svg,,1,1,0,08-11-2022,08-11-2022
116,Italy,IT,U+1F1EE U+1F1F9,https://cdn.jsdelivr.net/npm/country-flag-emoji-json@2.0.0/dist/images/IT.svg,,1,1,0,08-11-2022,08-11-2022
117,Jersey,JE,U+1F1EF U+1F1EA,https://cdn.jsdelivr.net/npm/country-flag-emoji-json@2.0.0/dist/images/JE.svg,,1,1,0,08-11-2022,08-11-2022
118,Jamaica,JM,U+1F1EF U+1F1F2,https://cdn.jsdelivr.net/npm/country-flag-emoji-json@2.0.0/dist/images/JM.svg,,1,1,0,08-11-2022,08-11-2022
119,Jordan,JO,U+1F1EF U+1F1F4,https://cdn.jsdelivr.net/npm/country-flag-emoji-json@2.0.0/dist/images/JO.svg,,1,1,0,08-11-2022,08-11-2022
120,Japan,JP,U+1F1EF U+1F1F5,https://cdn.jsdelivr.net/npm/country-flag-emoji-json@2.0.0/dist/images/JP.svg,,1,1,0,08-11-2022,08-11-2022
121,Kenya,KE,U+1F1F0 U+1F1EA,https://cdn.jsdelivr.net/npm/country-flag-emoji-json@2.0.0/dist/images/KE.svg,,1,1,0,08-11-2022,08-11-2022
122,Kyrgyzstan,KG,U+1F1F0 U+1F1EC,https://cdn.jsdelivr.net/npm/country-flag-emoji-json@2.0.0/dist/images/KG.svg,,1,1,0,08-11-2022,08-11-2022
123,Cambodia,KH,U+1F1F0 U+1F1ED,https://cdn.jsdelivr.net/npm/country-flag-emoji-json@2.0.0/dist/images/KH.svg,,1,1,0,08-11-2022,08-11-2022
124,Kiribati,KI,U+1F1F0 U+1F1EE,https://cdn.jsdelivr.net/npm/country-flag-emoji-json@2.0.0/dist/images/KI.svg,,1,1,0,08-11-2022,08-11-2022
125,Comoros,KM,U+1F1F0 U+1F1F2,https://cdn.jsdelivr.net/npm/country-flag-emoji-json@2.0.0/dist/images/KM.svg,,1,1,0,08-11-2022,08-11-2022
126,St. Kitts & Nevis,KN,U+1F1F0 U+1F1F3,https://cdn.jsdelivr.net/npm/country-flag-emoji-json@2.0.0/dist/images/KN.svg,,1,1,0,08-11-2022,08-11-2022
127,North Korea,KP,U+1F1F0 U+1F1F5,https://cdn.jsdelivr.net/npm/country-flag-emoji-json@2.0.0/dist/images/KP.svg,,1,1,0,08-11-2022,08-11-2022
128,South Korea,KR,U+1F1F0 U+1F1F7,https://cdn.jsdelivr.net/npm/country-flag-emoji-json@2.0.0/dist/images/KR.svg,,1,1,0,08-11-2022,08-11-2022
129,Kuwait,KW,U+1F1F0 U+1F1FC,https://cdn.jsdelivr.net/npm/country-flag-emoji-json@2.0.0/dist/images/KW.svg,,1,1,0,08-11-2022,08-11-2022
130,Cayman Islands,KY,U+1F1F0 U+1F1FE,https://cdn.jsdelivr.net/npm/country-flag-emoji-json@2.0.0/dist/images/KY.svg,,1,1,0,08-11-2022,08-11-2022
131,Kazakhstan,KZ,U+1F1F0 U+1F1FF,https://cdn.jsdelivr.net/npm/country-flag-emoji-json@2.0.0/dist/images/KZ.svg,,1,1,0,08-11-2022,08-11-2022
132,Laos,LA,U+1F1F1 U+1F1E6,https://cdn.jsdelivr.net/npm/country-flag-emoji-json@2.0.0/dist/images/LA.svg,,1,1,0,08-11-2022,08-11-2022
133,Lebanon,LB,U+1F1F1 U+1F1E7,https://cdn.jsdelivr.net/npm/country-flag-emoji-json@2.0.0/dist/images/LB.svg,,1,1,0,08-11-2022,08-11-2022
134,St. Lucia,LC,U+1F1F1 U+1F1E8,https://cdn.jsdelivr.net/npm/country-flag-emoji-json@2.0.0/dist/images/LC.svg,,1,1,0,08-11-2022,08-11-2022
135,Liechtenstein,LI,U+1F1F1 U+1F1EE,https://cdn.jsdelivr.net/npm/country-flag-emoji-json@2.0.0/dist/images/LI.svg,,1,1,0,08-11-2022,08-11-2022
136,Sri Lanka,LK,U+1F1F1 U+1F1F0,https://cdn.jsdelivr.net/npm/country-flag-emoji-json@2.0.0/dist/images/LK.svg,,1,1,0,08-11-2022,08-11-2022
137,Liberia,LR,U+1F1F1 U+1F1F7,https://cdn.jsdelivr.net/npm/country-flag-emoji-json@2.0.0/dist/images/LR.svg,,1,1,0,08-11-2022,08-11-2022
138,Lesotho,LS,U+1F1F1 U+1F1F8,https://cdn.jsdelivr.net/npm/country-flag-emoji-json@2.0.0/dist/images/LS.svg,,1,1,0,08-11-2022,08-11-2022
139,Lithuania,LT,U+1F1F1 U+1F1F9,https://cdn.jsdelivr.net/npm/country-flag-emoji-json@2.0.0/dist/images/LT.svg,,1,1,0,08-11-2022,08-11-2022
140,Luxembourg,LU,U+1F1F1 U+1F1FA,https://cdn.jsdelivr.net/npm/country-flag-emoji-json@2.0.0/dist/images/LU.svg,,1,1,0,08-11-2022,08-11-2022
141,Latvia,LV,U+1F1F1 U+1F1FB,https://cdn.jsdelivr.net/npm/country-flag-emoji-json@2.0.0/dist/images/LV.svg,,1,1,0,08-11-2022,08-11-2022
142,Libya,LY,U+1F1F1 U+1F1FE,https://cdn.jsdelivr.net/npm/country-flag-emoji-json@2.0.0/dist/images/LY.svg,,1,1,0,08-11-2022,08-11-2022
143,Morocco,MA,U+1F1F2 U+1F1E6,https://cdn.jsdelivr.net/npm/country-flag-emoji-json@2.0.0/dist/images/MA.svg,,1,1,0,08-11-2022,08-11-2022
144,Monaco,MC,U+1F1F2 U+1F1E8,https://cdn.jsdelivr.net/npm/country-flag-emoji-json@2.0.0/dist/images/MC.svg,,1,1,0,08-11-2022,08-11-2022
145,Moldova,MD,U+1F1F2 U+1F1E9,https://cdn.jsdelivr.net/npm/country-flag-emoji-json@2.0.0/dist/images/MD.svg,,1,1,0,08-11-2022,08-11-2022
146,Montenegro,ME,U+1F1F2 U+1F1EA,https://cdn.jsdelivr.net/npm/country-flag-emoji-json@2.0.0/dist/images/ME.svg,,1,1,0,08-11-2022,08-11-2022
147,St. Martin,MF,U+1F1F2 U+1F1EB,https://cdn.jsdelivr.net/npm/country-flag-emoji-json@2.0.0/dist/images/MF.svg,,1,1,0,08-11-2022,08-11-2022
148,Madagascar,MG,U+1F1F2 U+1F1EC,https://cdn.jsdelivr.net/npm/country-flag-emoji-json@2.0.0/dist/images/MG.svg,,1,1,0,08-11-2022,08-11-2022
149,Marshall Islands,MH,U+1F1F2 U+1F1ED,https://cdn.jsdelivr.net/npm/country-flag-emoji-json@2.0.0/dist/images/MH.svg,,1,1,0,08-11-2022,08-11-2022
150,North Macedonia,MK,U+1F1F2 U+1F1F0,https://cdn.jsdelivr.net/npm/country-flag-emoji-json@2.0.0/dist/images/MK.svg,,1,1,0,08-11-2022,08-11-2022
151,Mali,ML,U+1F1F2 U+1F1F1,https://cdn.jsdelivr.net/npm/country-flag-emoji-json@2.0.0/dist/images/ML.svg,,1,1,0,08-11-2022,08-11-2022
152,Myanmar (Burma),MM,U+1F1F2 U+1F1F2,https://cdn.jsdelivr.net/npm/country-flag-emoji-json@2.0.0/dist/images/MM.svg,,1,1,0,08-11-2022,08-11-2022
153,Mongolia,MN,U+1F1F2 U+1F1F3,https://cdn.jsdelivr.net/npm/country-flag-emoji-json@2.0.0/dist/images/MN.svg,,1,1,0,08-11-2022,08-11-2022
154,Macao SAR China,MO,U+1F1F2 U+1F1F4,https://cdn.jsdelivr.net/npm/country-flag-emoji-json@2.0.0/dist/images/MO.svg,,1,1,0,08-11-2022,08-11-2022
155,Northern Mariana Islands,MP,U+1F1F2 U+1F1F5,https://cdn.jsdelivr.net/npm/country-flag-emoji-json@2.0.0/dist/images/MP.svg,,1,1,0,08-11-2022,08-11-2022
156,Martinique,MQ,U+1F1F2 U+1F1F6,https://cdn.jsdelivr.net/npm/country-flag-emoji-json@2.0.0/dist/images/MQ.svg,,1,1,0,08-11-2022,08-11-2022
157,Mauritania,MR,U+1F1F2 U+1F1F7,https://cdn.jsdelivr.net/npm/country-flag-emoji-json@2.0.0/dist/images/MR.svg,,1,1,0,08-11-2022,08-11-2022
158,Montserrat,MS,U+1F1F2 U+1F1F8,https://cdn.jsdelivr.net/npm/country-flag-emoji-json@2.0.0/dist/images/MS.svg,,1,1,0,08-11-2022,08-11-2022
159,Malta,MT,U+1F1F2 U+1F1F9,https://cdn.jsdelivr.net/npm/country-flag-emoji-json@2.0.0/dist/images/MT.svg,,1,1,0,08-11-2022,08-11-2022
160,Mauritius,MU,U+1F1F2 U+1F1FA,https://cdn.jsdelivr.net/npm/country-flag-emoji-json@2.0.0/dist/images/MU.svg,,1,1,0,08-11-2022,08-11-2022
161,Maldives,MV,U+1F1F2 U+1F1FB,https://cdn.jsdelivr.net/npm/country-flag-emoji-json@2.0.0/dist/images/MV.svg,,1,1,0,08-11-2022,08-11-2022
162,Malawi,MW,U+1F1F2 U+1F1FC,https://cdn.jsdelivr.net/npm/country-flag-emoji-json@2.0.0/dist/images/MW.svg,,1,1,0,08-11-2022,08-11-2022
163,Mexico,MX,U+1F1F2 U+1F1FD,https://cdn.jsdelivr.net/npm/country-flag-emoji-json@2.0.0/dist/images/MX.svg,,1,1,0,08-11-2022,08-11-2022
164,Malaysia,MY,U+1F1F2 U+1F1FE,https://cdn.jsdelivr.net/npm/country-flag-emoji-json@2.0.0/dist/images/MY.svg,,1,1,0,08-11-2022,08-11-2022
165,Mozambique,MZ,U+1F1F2 U+1F1FF,https://cdn.jsdelivr.net/npm/country-flag-emoji-json@2.0.0/dist/images/MZ.svg,,1,1,0,08-11-2022,08-11-2022
166,Namibia,NA,U+1F1F3 U+1F1E6,https://cdn.jsdelivr.net/npm/country-flag-emoji-json@2.0.0/dist/images/NA.svg,,1,1,0,08-11-2022,08-11-2022
167,New Caledonia,NC,U+1F1F3 U+1F1E8,https://cdn.jsdelivr.net/npm/country-flag-emoji-json@2.0.0/dist/images/NC.svg,,1,1,0,08-11-2022,08-11-2022
168,Niger,NE,U+1F1F3 U+1F1EA,https://cdn.jsdelivr.net/npm/country-flag-emoji-json@2.0.0/dist/images/NE.svg,,1,1,0,08-11-2022,08-11-2022
169,Norfolk Island,NF,U+1F1F3 U+1F1EB,https://cdn.jsdelivr.net/npm/country-flag-emoji-json@2.0.0/dist/images/NF.svg,,1,1,0,08-11-2022,08-11-2022
170,Nigeria,NG,U+1F1F3 U+1F1EC,https://cdn.jsdelivr.net/npm/country-flag-emoji-json@2.0.0/dist/images/NG.svg,,1,1,0,08-11-2022,08-11-2022
171,Nicaragua,NI,U+1F1F3 U+1F1EE,https://cdn.jsdelivr.net/npm/country-flag-emoji-json@2.0.0/dist/images/NI.svg,,1,1,0,08-11-2022,08-11-2022
172,Netherlands,NL,U+1F1F3 U+1F1F1,https://cdn.jsdelivr.net/npm/country-flag-emoji-json@2.0.0/dist/images/NL.svg,,1,1,0,08-11-2022,08-11-2022
173,Norway,NO,U+1F1F3 U+1F1F4,https://cdn.jsdelivr.net/npm/country-flag-emoji-json@2.0.0/dist/images/NO.svg,,1,1,0,08-11-2022,08-11-2022
174,Nepal,NP,U+1F1F3 U+1F1F5,https://cdn.jsdelivr.net/npm/country-flag-emoji-json@2.0.0/dist/images/NP.svg,,1,1,0,08-11-2022,08-11-2022
175,Nauru,NR,U+1F1F3 U+1F1F7,https://cdn.jsdelivr.net/npm/country-flag-emoji-json@2.0.0/dist/images/NR.svg,,1,1,0,08-11-2022,08-11-2022
176,Niue,NU,U+1F1F3 U+1F1FA,https://cdn.jsdelivr.net/npm/country-flag-emoji-json@2.0.0/dist/images/NU.svg,,1,1,0,08-11-2022,08-11-2022
177,New Zealand,NZ,U+1F1F3 U+1F1FF,https://cdn.jsdelivr.net/npm/country-flag-emoji-json@2.0.0/dist/images/NZ.svg,,1,1,0,08-11-2022,08-11-2022
178,Oman,OM,U+1F1F4 U+1F1F2,https://cdn.jsdelivr.net/npm/country-flag-emoji-json@2.0.0/dist/images/OM.svg,,1,1,0,08-11-2022,08-11-2022
179,Panama,PA,U+1F1F5 U+1F1E6,https://cdn.jsdelivr.net/npm/country-flag-emoji-json@2.0.0/dist/images/PA.svg,,1,1,0,08-11-2022,08-11-2022
180,Peru,PE,U+1F1F5 U+1F1EA,https://cdn.jsdelivr.net/npm/country-flag-emoji-json@2.0.0/dist/images/PE.svg,,1,1,0,08-11-2022,08-11-2022
181,French Polynesia,PF,U+1F1F5 U+1F1EB,https://cdn.jsdelivr.net/npm/country-flag-emoji-json@2.0.0/dist/images/PF.svg,,1,1,0,08-11-2022,08-11-2022
182,Papua New Guinea,PG,U+1F1F5 U+1F1EC,https://cdn.jsdelivr.net/npm/country-flag-emoji-json@2.0.0/dist/images/PG.svg,,1,1,0,08-11-2022,08-11-2022
183,Philippines,PH,U+1F1F5 U+1F1ED,https://cdn.jsdelivr.net/npm/country-flag-emoji-json@2.0.0/dist/images/PH.svg,,1,1,0,08-11-2022,08-11-2022
184,Pakistan,PK,U+1F1F5 U+1F1F0,https://cdn.jsdelivr.net/npm/country-flag-emoji-json@2.0.0/dist/images/PK.svg,,1,1,0,08-11-2022,08-11-2022
185,Poland,PL,U+1F1F5 U+1F1F1,https://cdn.jsdelivr.net/npm/country-flag-emoji-json@2.0.0/dist/images/PL.svg,,1,1,0,08-11-2022,08-11-2022
186,St. Pierre & Miquelon,PM,U+1F1F5 U+1F1F2,https://cdn.jsdelivr.net/npm/country-flag-emoji-json@2.0.0/dist/images/PM.svg,,1,1,0,08-11-2022,08-11-2022
187,Pitcairn Islands,PN,U+1F1F5 U+1F1F3,https://cdn.jsdelivr.net/npm/country-flag-emoji-json@2.0.0/dist/images/PN.svg,,1,1,0,08-11-2022,08-11-2022
188,Puerto Rico,PR,U+1F1F5 U+1F1F7,https://cdn.jsdelivr.net/npm/country-flag-emoji-json@2.0.0/dist/images/PR.svg,,1,1,0,08-11-2022,08-11-2022
189,Palestinian Territories,PS,U+1F1F5 U+1F1F8,https://cdn.jsdelivr.net/npm/country-flag-emoji-json@2.0.0/dist/images/PS.svg,,1,1,0,08-11-2022,08-11-2022
190,Portugal,PT,U+1F1F5 U+1F1F9,https://cdn.jsdelivr.net/npm/country-flag-emoji-json@2.0.0/dist/images/PT.svg,,1,1,0,08-11-2022,08-11-2022
191,Palau,PW,U+1F1F5 U+1F1FC,https://cdn.jsdelivr.net/npm/country-flag-emoji-json@2.0.0/dist/images/PW.svg,,1,1,0,08-11-2022,08-11-2022
192,Paraguay,PY,U+1F1F5 U+1F1FE,https://cdn.jsdelivr.net/npm/country-flag-emoji-json@2.0.0/dist/images/PY.svg,,1,1,0,08-11-2022,08-11-2022
193,Qatar,QA,U+1F1F6 U+1F1E6,https://cdn.jsdelivr.net/npm/country-flag-emoji-json@2.0.0/dist/images/QA.svg,,1,1,0,08-11-2022,08-11-2022
194,Réunion,RE,U+1F1F7 U+1F1EA,https://cdn.jsdelivr.net/npm/country-flag-emoji-json@2.0.0/dist/images/RE.svg,,1,1,0,08-11-2022,08-11-2022
195,Romania,RO,U+1F1F7 U+1F1F4,https://cdn.jsdelivr.net/npm/country-flag-emoji-json@2.0.0/dist/images/RO.svg,,1,1,0,08-11-2022,08-11-2022
196,Serbia,RS,U+1F1F7 U+1F1F8,https://cdn.jsdelivr.net/npm/country-flag-emoji-json@2.0.0/dist/images/RS.svg,,1,1,0,08-11-2022,08-11-2022
197,Russia,RU,U+1F1F7 U+1F1FA,https://cdn.jsdelivr.net/npm/country-flag-emoji-json@2.0.0/dist/images/RU.svg,,1,1,0,08-11-2022,08-11-2022
198,Rwanda,RW,U+1F1F7 U+1F1FC,https://cdn.jsdelivr.net/npm/country-flag-emoji-json@2.0.0/dist/images/RW.svg,,1,1,0,08-11-2022,08-11-2022
199,Saudi Arabia,SA,U+1F1F8 U+1F1E6,https://cdn.jsdelivr.net/npm/country-flag-emoji-json@2.0.0/dist/images/SA.svg,,1,1,0,08-11-2022,08-11-2022
200,Solomon Islands,SB,U+1F1F8 U+1F1E7,https://cdn.jsdelivr.net/npm/country-flag-emoji-json@2.0.0/dist/images/SB.svg,,1,1,0,08-11-2022,08-11-2022
201,Seychelles,SC,U+1F1F8 U+1F1E8,https://cdn.jsdelivr.net/npm/country-flag-emoji-json@2.0.0/dist/images/SC.svg,,1,1,0,08-11-2022,08-11-2022
202,Sudan,SD,U+1F1F8 U+1F1E9,https://cdn.jsdelivr.net/npm/country-flag-emoji-json@2.0.0/dist/images/SD.svg,,1,1,0,08-11-2022,08-11-2022
203,Sweden,SE,U+1F1F8 U+1F1EA,https://cdn.jsdelivr.net/npm/country-flag-emoji-json@2.0.0/dist/images/SE.svg,,1,1,0,08-11-2022,08-11-2022
204,Singapore,SG,U+1F1F8 U+1F1EC,https://cdn.jsdelivr.net/npm/country-flag-emoji-json@2.0.0/dist/images/SG.svg,,1,1,0,08-11-2022,08-11-2022
205,St. Helena,SH,U+1F1F8 U+1F1ED,https://cdn.jsdelivr.net/npm/country-flag-emoji-json@2.0.0/dist/images/SH.svg,,1,1,0,08-11-2022,08-11-2022
206,Slovenia,SI,U+1F1F8 U+1F1EE,https://cdn.jsdelivr.net/npm/country-flag-emoji-json@2.0.0/dist/images/SI.svg,,1,1,0,08-11-2022,08-11-2022
207,Svalbard & Jan Mayen,SJ,U+1F1F8 U+1F1EF,https://cdn.jsdelivr.net/npm/country-flag-emoji-json@2.0.0/dist/images/SJ.svg,,1,1,0,08-11-2022,08-11-2022
208,Slovakia,SK,U+1F1F8 U+1F1F0,https://cdn.jsdelivr.net/npm/country-flag-emoji-json@2.0.0/dist/images/SK.svg,,1,1,0,08-11-2022,08-11-2022
209,Sierra Leone,SL,U+1F1F8 U+1F1F1,https://cdn.jsdelivr.net/npm/country-flag-emoji-json@2.0.0/dist/images/SL.svg,,1,1,0,08-11-2022,08-11-2022
210,San Marino,SM,U+1F1F8 U+1F1F2,https://cdn.jsdelivr.net/npm/country-flag-emoji-json@2.0.0/dist/images/SM.svg,,1,1,0,08-11-2022,08-11-2022
211,Senegal,SN,U+1F1F8 U+1F1F3,https://cdn.jsdelivr.net/npm/country-flag-emoji-json@2.0.0/dist/images/SN.svg,,1,1,0,08-11-2022,08-11-2022
212,Somalia,SO,U+1F1F8 U+1F1F4,https://cdn.jsdelivr.net/npm/country-flag-emoji-json@2.0.0/dist/images/SO.svg,,1,1,0,08-11-2022,08-11-2022
213,Suriname,SR,U+1F1F8 U+1F1F7,https://cdn.jsdelivr.net/npm/country-flag-emoji-json@2.0.0/dist/images/SR.svg,,1,1,0,08-11-2022,08-11-2022
214,South Sudan,SS,U+1F1F8 U+1F1F8,https://cdn.jsdelivr.net/npm/country-flag-emoji-json@2.0.0/dist/images/SS.svg,,1,1,0,08-11-2022,08-11-2022
215,São Tomé & Príncipe,ST,U+1F1F8 U+1F1F9,https://cdn.jsdelivr.net/npm/country-flag-emoji-json@2.0.0/dist/images/ST.svg,,1,1,0,08-11-2022,08-11-2022
216,El Salvador,SV,U+1F1F8 U+1F1FB,https://cdn.jsdelivr.net/npm/country-flag-emoji-json@2.0.0/dist/images/SV.svg,,1,1,0,08-11-2022,08-11-2022
217,Sint Maarten,SX,U+1F1F8 U+1F1FD,https://cdn.jsdelivr.net/npm/country-flag-emoji-json@2.0.0/dist/images/SX.svg,,1,1,0,08-11-2022,08-11-2022
218,Syria,SY,U+1F1F8 U+1F1FE,https://cdn.jsdelivr.net/npm/country-flag-emoji-json@2.0.0/dist/images/SY.svg,,1,1,0,08-11-2022,08-11-2022
219,Eswatini,SZ,U+1F1F8 U+1F1FF,https://cdn.jsdelivr.net/npm/country-flag-emoji-json@2.0.0/dist/images/SZ.svg,,1,1,0,08-11-2022,08-11-2022
220,Tristan da Cunha,TA,U+1F1F9 U+1F1E6,https://cdn.jsdelivr.net/npm/country-flag-emoji-json@2.0.0/dist/images/TA.svg,,1,1,0,08-11-2022,08-11-2022
221,Turks & Caicos Islands,TC,U+1F1F9 U+1F1E8,https://cdn.jsdelivr.net/npm/country-flag-emoji-json@2.0.0/dist/images/TC.svg,,1,1,0,08-11-2022,08-11-2022
222,Chad,TD,U+1F1F9 U+1F1E9,https://cdn.jsdelivr.net/npm/country-flag-emoji-json@2.0.0/dist/images/TD.svg,,1,1,0,08-11-2022,08-11-2022
223,French Southern Territories,TF,U+1F1F9 U+1F1EB,https://cdn.jsdelivr.net/npm/country-flag-emoji-json@2.0.0/dist/images/TF.svg,,1,1,0,08-11-2022,08-11-2022
224,Togo,TG,U+1F1F9 U+1F1EC,https://cdn.jsdelivr.net/npm/country-flag-emoji-json@2.0.0/dist/images/TG.svg,,1,1,0,08-11-2022,08-11-2022
225,Thailand,TH,U+1F1F9 U+1F1ED,https://cdn.jsdelivr.net/npm/country-flag-emoji-json@2.0.0/dist/images/TH.svg,,1,1,0,08-11-2022,08-11-2022
226,Tajikistan,TJ,U+1F1F9 U+1F1EF,https://cdn.jsdelivr.net/npm/country-flag-emoji-json@2.0.0/dist/images/TJ.svg,,1,1,0,08-11-2022,08-11-2022
227,Tokelau,TK,U+1F1F9 U+1F1F0,https://cdn.jsdelivr.net/npm/country-flag-emoji-json@2.0.0/dist/images/TK.svg,,1,1,0,08-11-2022,08-11-2022
228,Timor-Leste,TL,U+1F1F9 U+1F1F1,https://cdn.jsdelivr.net/npm/country-flag-emoji-json@2.0.0/dist/images/TL.svg,,1,1,0,08-11-2022,08-11-2022
229,Turkmenistan,TM,U+1F1F9 U+1F1F2,https://cdn.jsdelivr.net/npm/country-flag-emoji-json@2.0.0/dist/images/TM.svg,,1,1,0,08-11-2022,08-11-2022
230,Tunisia,TN,U+1F1F9 U+1F1F3,https://cdn.jsdelivr.net/npm/country-flag-emoji-json@2.0.0/dist/images/TN.svg,,1,1,0,08-11-2022,08-11-2022
231,Tonga,TO,U+1F1F9 U+1F1F4,https://cdn.jsdelivr.net/npm/country-flag-emoji-json@2.0.0/dist/images/TO.svg,,1,1,0,08-11-2022,08-11-2022
232,Turkey,TR,U+1F1F9 U+1F1F7,https://cdn.jsdelivr.net/npm/country-flag-emoji-json@2.0.0/dist/images/TR.svg,,1,1,0,08-11-2022,08-11-2022
233,Trinidad & Tobago,TT,U+1F1F9 U+1F1F9,https://cdn.jsdelivr.net/npm/country-flag-emoji-json@2.0.0/dist/images/TT.svg,,1,1,0,08-11-2022,08-11-2022
234,Tuvalu,TV,U+1F1F9 U+1F1FB,https://cdn.jsdelivr.net/npm/country-flag-emoji-json@2.0.0/dist/images/TV.svg,,1,1,0,08-11-2022,08-11-2022
235,Taiwan,TW,U+1F1F9 U+1F1FC,https://cdn.jsdelivr.net/npm/country-flag-emoji-json@2.0.0/dist/images/TW.svg,,1,1,0,08-11-2022,08-11-2022
236,Tanzania,TZ,U+1F1F9 U+1F1FF,https://cdn.jsdelivr.net/npm/country-flag-emoji-json@2.0.0/dist/images/TZ.svg,,1,1,0,08-11-2022,08-11-2022
237,Ukraine,UA,U+1F1FA U+1F1E6,https://cdn.jsdelivr.net/npm/country-flag-emoji-json@2.0.0/dist/images/UA.svg,,1,1,0,08-11-2022,08-11-2022
238,Uganda,UG,U+1F1FA U+1F1EC,https://cdn.jsdelivr.net/npm/country-flag-emoji-json@2.0.0/dist/images/UG.svg,,1,1,0,08-11-2022,08-11-2022
239,U.S. Outlying Islands,UM,U+1F1FA U+1F1F2,https://cdn.jsdelivr.net/npm/country-flag-emoji-json@2.0.0/dist/images/UM.svg,,1,1,0,08-11-2022,08-11-2022
240,United Nations,UN,U+1F1FA U+1F1F3,https://cdn.jsdelivr.net/npm/country-flag-emoji-json@2.0.0/dist/images/UN.svg,,1,1,0,08-11-2022,08-11-2022
241,United States,US,U+1F1FA U+1F1F8,https://cdn.jsdelivr.net/npm/country-flag-emoji-json@2.0.0/dist/images/US.svg,,1,1,0,08-11-2022,08-11-2022
242,Uruguay,UY,U+1F1FA U+1F1FE,https://cdn.jsdelivr.net/npm/country-flag-emoji-json@2.0.0/dist/images/UY.svg,,1,1,0,08-11-2022,08-11-2022
243,Uzbekistan,UZ,U+1F1FA U+1F1FF,https://cdn.jsdelivr.net/npm/country-flag-emoji-json@2.0.0/dist/images/UZ.svg,,1,1,0,08-11-2022,08-11-2022
244,Vatican City,VA,U+1F1FB U+1F1E6,https://cdn.jsdelivr.net/npm/country-flag-emoji-json@2.0.0/dist/images/VA.svg,,1,1,0,08-11-2022,08-11-2022
245,St. Vincent & Grenadines,VC,U+1F1FB U+1F1E8,https://cdn.jsdelivr.net/npm/country-flag-emoji-json@2.0.0/dist/images/VC.svg,,1,1,0,08-11-2022,08-11-2022
246,Venezuela,VE,U+1F1FB U+1F1EA,https://cdn.jsdelivr.net/npm/country-flag-emoji-json@2.0.0/dist/images/VE.svg,,1,1,0,08-11-2022,08-11-2022
247,British Virgin Islands,VG,U+1F1FB U+1F1EC,https://cdn.jsdelivr.net/npm/country-flag-emoji-json@2.0.0/dist/images/VG.svg,,1,1,0,08-11-2022,08-11-2022
248,U.S. Virgin Islands,VI,U+1F1FB U+1F1EE,https://cdn.jsdelivr.net/npm/country-flag-emoji-json@2.0.0/dist/images/VI.svg,,1,1,0,08-11-2022,08-11-2022
249,Vietnam,VN,U+1F1FB U+1F1F3,https://cdn.jsdelivr.net/npm/country-flag-emoji-json@2.0.0/dist/images/VN.svg,,1,1,0,08-11-2022,08-11-2022
250,Vanuatu,VU,U+1F1FB U+1F1FA,https://cdn.jsdelivr.net/npm/country-flag-emoji-json@2.0.0/dist/images/VU.svg,,1,1,0,08-11-2022,08-11-2022
251,Wallis & Futuna,WF,U+1F1FC U+1F1EB,https://cdn.jsdelivr.net/npm/country-flag-emoji-json@2.0.0/dist/images/WF.svg,,1,1,0,08-11-2022,08-11-2022
252,Samoa,WS,U+1F1FC U+1F1F8,https://cdn.jsdelivr.net/npm/country-flag-emoji-json@2.0.0/dist/images/WS.svg,,1,1,0,08-11-2022,08-11-2022
253,Kosovo,XK,U+1F1FD U+1F1F0,https://cdn.jsdelivr.net/npm/country-flag-emoji-json@2.0.0/dist/images/XK.svg,,1,1,0,08-11-2022,08-11-2022
254,Yemen,YE,U+1F1FE U+1F1EA,https://cdn.jsdelivr.net/npm/country-flag-emoji-json@2.0.0/dist/images/YE.svg,,1,1,0,08-11-2022,08-11-2022
255,Mayotte,YT,U+1F1FE U+1F1F9,https://cdn.jsdelivr.net/npm/country-flag-emoji-json@2.0.0/dist/images/YT.svg,,1,1,0,08-11-2022,08-11-2022
256,South Africa,ZA,U+1F1FF U+1F1E6,https://cdn.jsdelivr.net/npm/country-flag-emoji-json@2.0.0/dist/images/ZA.svg,,1,1,0,08-11-2022,08-11-2022
257,Zambia,ZM,U+1F1FF U+1F1F2,https://cdn.jsdelivr.net/npm/country-flag-emoji-json@2.0.0/dist/images/ZM.svg,,1,1,0,08-11-2022,08-11-2022
258,Zimbabwe,ZW,U+1F1FF U+1F1FC,https://cdn.jsdelivr.net/npm/country-flag-emoji-json@2.0.0/dist/images/ZW.svg,,1,1,0,08-11-2022,08-11-2022
259,England,ENGLAND,U+1F3F4 U+E0067 U+E0062 U+E0065 U+E006E U+E0067 U+E007F,https://cdn.jsdelivr.net/npm/country-flag-emoji-json@2.0.0/dist/images/ENGLAND.svg,,1,1,0,08-11-2022,08-11-2022
260,Scotland,SCOTLAND,U+1F3F4 U+E0067 U+E0062 U+E0073 U+E0063 U+E0074 U+E007F,https://cdn.jsdelivr.net/npm/country-flag-emoji-json@2.0.0/dist/images/SCOTLAND.svg,,1,1,0,08-11-2022,08-11-2022
261,Wales,WALES,U+1F3F4 U+E0067 U+E0062 U+E0077 U+E006C U+E0073 U+E007F,https://cdn.jsdelivr.net/npm/country-flag-emoji-json@2.0.0/dist/images/WALES.svg,,1,1,0,08-11-2022,08-11-2022
